股票代码,形态,买入日期,买入价,股数,买入金额,卖出日期,卖出价,卖出原因,盈亏,收益率
002511.SZ,黑三鸦,2023-02-03,12.70,700,8890.00,2023-02-17,12.51,持仓10天到期,-133.00,-1.50%
601838.SH,黑三鸦,2023-02-08,14.07,700,9849.00,2023-02-22,14.34,持仓10天到期,189.00,1.92%
002007.SZ,黑三鸦,2023-02-20,21.72,400,8688.00,2023-03-06,22.54,持仓10天到期,328.00,3.78%
002311.SZ,黑三鸦,2023-02-20,60.63,100,6063.00,2023-03-06,63.56,持仓10天到期,293.00,4.83%
600000.SH,黑三鸦,2023-02-21,7.26,1300,9438.00,2023-03-07,7.31,持仓10天到期,65.00,0.69%
600233.SH,黑三鸦,2023-02-21,18.10,500,9050.00,2023-03-07,17.70,持仓10天到期,-200.00,-2.21%
600919.SH,黑三鸦,2023-02-21,7.30,1300,9490.00,2023-03-07,7.27,持仓10天到期,-39.00,-0.41%
601838.SH,黑三鸦,2023-02-21,14.47,600,8682.00,2023-03-07,14.44,持仓10天到期,-18.00,-0.21%
002352.SZ,黑三鸦,2023-03-09,53.31,100,5331.00,2023-03-23,54.00,持仓10天到期,69.00,1.29%
300759.SZ,黑三鸦,2023-03-21,53.92,100,5392.00,2023-03-27,59.31,止盈(10.0%),539.20,10.00%
603259.SH,黑三鸦,2023-03-21,75.06,100,7506.00,2023-03-27,82.57,止盈(10.0%),750.60,10.00%
601009.SH,黑三鸦,2023-03-14,9.53,1000,9530.00,2023-03-28,9.09,持仓10天到期,-440.00,-4.62%
600383.SH,黑三鸦,2023-03-15,8.73,1100,9603.00,2023-03-29,8.38,持仓10天到期,-385.00,-4.01%
600741.SH,黑三鸦,2023-03-15,17.15,500,8575.00,2023-03-29,16.63,持仓10天到期,-260.00,-3.03%
600221.SH,黑三鸦,2023-03-20,1.69,5900,9971.00,2023-04-03,1.81,持仓10天到期,708.00,7.10%
600760.SH,黑三鸦,2023-03-20,53.89,100,5389.00,2023-04-03,54.37,持仓10天到期,48.00,0.89%
300450.SZ,黑三鸦,2023-03-21,38.50,200,7700.00,2023-04-04,38.77,持仓10天到期,54.00,0.70%
600660.SH,黑三鸦,2023-03-21,34.52,200,6904.00,2023-04-04,33.92,持仓10天到期,-120.00,-1.74%
601877.SH,黑三鸦,2023-03-21,27.18,300,8154.00,2023-04-04,27.51,持仓10天到期,99.00,1.21%
000002.SZ,黑三鸦,2023-03-30,15.40,600,9240.00,2023-04-14,15.81,持仓10天到期,246.00,2.66%
600900.SH,黑三鸦,2023-03-30,20.65,400,8260.00,2023-04-14,21.21,持仓10天到期,224.00,2.71%
000009.SZ,黑三鸦,2023-03-31,11.38,800,9104.00,2023-04-17,11.74,持仓10天到期,288.00,3.16%
000656.SZ,黑三鸦,2023-03-31,1.61,6200,9982.00,2023-04-17,1.53,持仓10天到期,-496.00,-4.97%
002146.SZ,黑三鸦,2023-03-31,1.85,5400,9990.00,2023-04-17,1.82,持仓10天到期,-162.00,-1.62%
600383.SH,黑三鸦,2023-03-31,8.46,1100,9306.00,2023-04-17,8.89,持仓10天到期,473.00,5.08%
601155.SH,黑三鸦,2023-03-31,16.43,600,9858.00,2023-04-17,16.91,持仓10天到期,288.00,2.92%
300122.SZ,黑三鸦,2023-04-24,82.83,100,8283.00,2023-05-08,77.03,止损(7.0%),-579.81,-7.00%
000100.SZ,黑三鸦,2023-04-27,4.00,2500,10000.00,2023-05-08,3.60,跳空止损(7.0%),-1000.00,-10.00%
002146.SZ,黑三鸦,2023-04-24,1.64,6000,9840.00,2023-05-11,1.74,持仓10天到期,600.00,6.10%
000792.SZ,黑三鸦,2023-04-25,21.09,400,8436.00,2023-05-12,19.92,持仓10天到期,-468.00,-5.55%
688599.SH,黑三鸦,2023-04-25,46.98,200,9396.00,2023-05-12,44.29,持仓10天到期,-538.00,-5.73%
600009.SH,黑三鸦,2023-04-26,52.20,100,5220.00,2023-05-15,49.96,持仓10天到期,-224.00,-4.29%
000959.SZ,黑三鸦,2023-04-27,3.64,2700,9828.00,2023-05-16,3.78,持仓10天到期,378.00,3.85%
002241.SZ,黑三鸦,2023-04-27,17.40,500,8700.00,2023-05-16,18.82,持仓10天到期,710.00,8.16%
688187.SH,黑三鸦,2023-04-27,46.06,200,9212.00,2023-05-16,46.50,持仓10天到期,88.00,0.96%
688223.SH,黑三鸦,2023-05-11,11.48,800,9184.00,2023-05-22,12.63,止盈(10.0%),918.40,10.00%
601012.SH,黑三鸦,2023-05-09,33.70,200,6740.00,2023-05-23,32.90,持仓10天到期,-160.00,-2.37%
000656.SZ,黑三鸦,2023-05-24,1.01,9900,9999.00,2023-05-25,0.86,跳空止损(7.0%),-1485.00,-14.85%
002146.SZ,黑三鸦,2023-05-24,1.43,6900,9867.00,2023-05-25,1.20,跳空止损(7.0%),-1587.00,-16.08%
600009.SH,黑三鸦,2023-05-16,49.95,200,9990.00,2023-05-30,46.45,止损(7.0%),-699.30,-7.00%
603160.SH,黑三鸦,2023-05-16,49.37,200,9874.00,2023-05-30,50.92,持仓10天到期,310.00,3.14%
300059.SZ,黑三鸦,2023-05-29,15.10,600,9060.00,2023-05-31,14.04,止损(7.0%),-634.20,-7.00%
300122.SZ,黑三鸦,2023-06-02,71.45,100,7145.00,2023-06-08,66.45,止损(7.0%),-500.15,-7.00%
000402.SZ,黑三鸦,2023-05-26,4.58,2100,9618.00,2023-06-09,4.83,持仓10天到期,525.00,5.46%
300498.SZ,黑三鸦,2023-05-29,17.24,500,8620.00,2023-06-12,16.88,持仓10天到期,-180.00,-2.09%
600104.SH,黑三鸦,2023-05-29,13.24,700,9268.00,2023-06-12,13.87,持仓10天到期,441.00,4.76%
601600.SH,黑三鸦,2023-05-29,5.29,1800,9522.00,2023-06-12,5.60,持仓10天到期,558.00,5.86%
600160.SH,黑三鸦,2023-05-31,13.38,700,9366.00,2023-06-14,13.92,持仓10天到期,378.00,4.04%
601633.SH,黑三鸦,2023-05-31,22.91,400,9164.00,2023-06-14,24.13,持仓10天到期,488.00,5.33%
002001.SZ,黑三鸦,2023-06-02,15.20,600,9120.00,2023-06-16,15.54,持仓10天到期,204.00,2.24%
300059.SZ,黑三鸦,2023-06-02,14.20,700,9940.00,2023-06-16,14.86,持仓10天到期,462.00,4.65%
601456.SH,黑三鸦,2023-06-02,9.59,1000,9590.00,2023-06-16,9.33,持仓10天到期,-260.00,-2.71%
603288.SH,黑三鸦,2023-06-02,50.40,100,5040.00,2023-06-16,51.05,持仓10天到期,65.00,1.29%
300347.SZ,黑三鸦,2023-06-09,73.10,100,7310.00,2023-06-21,67.98,止损(7.0%),-511.70,-7.00%
600233.SH,黑三鸦,2023-06-09,15.00,600,9000.00,2023-06-27,14.47,持仓10天到期,-318.00,-3.53%
601615.SH,黑三鸦,2023-06-09,16.77,500,8385.00,2023-06-27,16.55,持仓10天到期,-110.00,-1.31%
601117.SH,黑三鸦,2023-06-15,8.05,1200,9660.00,2023-07-03,8.43,持仓10天到期,456.00,4.72%
002120.SZ,黑三鸦,2023-06-28,9.55,1000,9550.00,2023-07-12,9.52,持仓10天到期,-30.00,-0.31%
601198.SH,黑三鸦,2023-06-28,7.87,1200,9444.00,2023-07-12,8.10,持仓10天到期,276.00,2.92%
601236.SH,黑三鸦,2023-06-28,7.44,1300,9672.00,2023-07-12,7.46,持仓10天到期,26.00,0.27%
300347.SZ,黑三鸦,2023-07-03,65.01,100,6501.00,2023-07-17,63.53,持仓10天到期,-148.00,-2.28%
300015.SZ,黑三鸦,2023-07-11,18.57,500,9285.00,2023-07-25,19.87,持仓10天到期,650.00,7.00%
300122.SZ,黑三鸦,2023-07-11,44.10,200,8820.00,2023-07-25,46.69,持仓10天到期,518.00,5.87%
300661.SZ,黑三鸦,2023-07-11,85.00,100,8500.00,2023-07-25,85.45,持仓10天到期,45.00,0.53%
603288.SH,黑三鸦,2023-07-11,46.00,200,9200.00,2023-07-25,44.88,持仓10天到期,-224.00,-2.43%
300003.SZ,黑三鸦,2023-07-12,22.09,400,8836.00,2023-07-26,21.51,持仓10天到期,-232.00,-2.63%
688122.SH,黑三鸦,2023-07-12,53.65,100,5365.00,2023-07-26,52.89,持仓10天到期,-76.00,-1.42%
600570.SH,黑三鸦,2023-07-14,37.39,200,7478.00,2023-07-28,39.89,持仓10天到期,500.00,6.69%
000739.SZ,黑三鸦,2023-07-20,16.67,500,8335.00,2023-08-03,17.91,持仓10天到期,620.00,7.44%
300003.SZ,黑三鸦,2023-07-20,21.12,400,8448.00,2023-08-03,20.08,持仓10天到期,-416.00,-4.92%
600926.SH,黑三鸦,2023-07-20,11.34,800,9072.00,2023-08-03,12.06,持仓10天到期,576.00,6.35%
600760.SH,黑三鸦,2023-07-25,44.68,200,8936.00,2023-08-08,42.72,持仓10天到期,-392.00,-4.39%
600732.SH,黑三鸦,2023-08-02,25.37,300,7611.00,2023-08-14,23.59,止损(7.0%),-532.77,-7.00%
002602.SZ,黑三鸦,2023-08-01,5.29,1800,9522.00,2023-08-15,5.48,持仓10天到期,342.00,3.59%
600089.SH,黑三鸦,2023-08-21,15.08,600,9048.00,2023-09-04,15.03,持仓10天到期,-30.00,-0.33%
300661.SZ,黑三鸦,2023-08-24,73.05,100,7305.00,2023-09-04,80.36,止盈(10.0%),730.50,10.00%
601012.SH,黑三鸦,2023-08-25,25.56,300,7668.00,2023-09-05,28.12,止盈(10.0%),766.80,10.00%
002311.SZ,黑三鸦,2023-08-24,45.02,200,9004.00,2023-09-07,47.26,持仓10天到期,448.00,4.98%
002032.SZ,黑三鸦,2023-08-25,47.41,200,9482.00,2023-09-08,47.69,持仓10天到期,56.00,0.59%
002129.SZ,黑三鸦,2023-08-25,24.77,400,9908.00,2023-09-08,24.41,持仓10天到期,-144.00,-1.45%
300142.SZ,黑三鸦,2023-08-25,23.20,400,9280.00,2023-09-08,23.02,持仓10天到期,-72.00,-0.78%
300274.SZ,黑三鸦,2023-08-25,98.70,100,9870.00,2023-09-08,93.14,持仓10天到期,-556.00,-5.63%
300450.SZ,黑三鸦,2023-08-25,29.00,300,8700.00,2023-09-08,27.90,持仓10天到期,-330.00,-3.79%
688223.SH,黑三鸦,2023-08-25,10.30,900,9270.00,2023-09-08,10.15,持仓10天到期,-135.00,-1.46%
600848.SH,黑三鸦,2023-08-28,12.30,800,9840.00,2023-09-11,11.80,持仓10天到期,-400.00,-4.07%
600745.SH,黑三鸦,2023-08-29,44.03,200,8806.00,2023-09-12,45.50,持仓10天到期,294.00,3.34%
002555.SZ,黑三鸦,2023-09-12,22.21,400,8884.00,2023-09-15,20.66,止损(7.0%),-621.88,-7.00%
600115.SH,黑三鸦,2023-09-12,4.35,2200,9570.00,2023-09-26,4.39,持仓10天到期,88.00,0.92%
600763.SH,黑三鸦,2023-09-18,86.00,100,8600.00,2023-10-10,86.59,持仓10天到期,59.00,0.69%
600536.SH,黑三鸦,2023-09-19,39.01,200,7802.00,2023-10-11,38.95,持仓10天到期,-12.00,-0.15%
601877.SH,黑三鸦,2023-09-19,23.80,400,9520.00,2023-10-11,23.25,持仓10天到期,-220.00,-2.31%
603799.SH,黑三鸦,2023-09-19,38.66,200,7732.00,2023-10-11,36.84,持仓10天到期,-364.00,-4.71%
600004.SH,黑三鸦,2023-09-25,11.48,800,9184.00,2023-10-11,10.68,止损(7.0%),-642.88,-7.00%
002129.SZ,黑三鸦,2023-09-25,22.50,400,9000.00,2023-10-17,20.93,止损(7.0%),-630.00,-7.00%
002352.SZ,黑三鸦,2023-09-25,40.89,200,8178.00,2023-10-17,40.65,持仓10天到期,-48.00,-0.59%
300274.SZ,黑三鸦,2023-09-25,84.50,100,8450.00,2023-10-17,84.44,持仓10天到期,-6.00,-0.07%
600009.SH,黑三鸦,2023-09-25,38.18,200,7636.00,2023-10-17,36.33,持仓10天到期,-370.00,-4.85%
601877.SH,黑三鸦,2023-09-25,23.53,400,9412.00,2023-10-17,23.36,持仓10天到期,-68.00,-0.72%
600383.SH,黑三鸦,2023-10-13,6.36,1500,9540.00,2023-10-17,5.91,止损(7.0%),-667.80,-7.00%
000002.SZ,黑三鸦,2023-10-13,12.75,700,8925.00,2023-10-18,11.86,止损(7.0%),-624.75,-7.00%
600606.SH,黑三鸦,2023-10-13,2.63,3800,9994.00,2023-10-23,2.45,止损(7.0%),-699.58,-7.00%
601668.SH,黑三鸦,2023-10-12,5.29,1800,9522.00,2023-10-26,5.21,持仓10天到期,-144.00,-1.51%
001979.SZ,黑三鸦,2023-10-13,12.04,800,9632.00,2023-10-27,11.20,止损(7.0%),-674.24,-7.00%
600085.SH,黑三鸦,2023-10-18,50.63,100,5063.00,2023-11-01,51.65,持仓10天到期,102.00,2.01%
600570.SH,黑三鸦,2023-10-18,31.14,300,9342.00,2023-11-01,30.80,持仓10天到期,-102.00,-1.09%
600977.SH,黑三鸦,2023-10-18,12.23,800,9784.00,2023-11-01,12.01,持仓10天到期,-176.00,-1.80%
300274.SZ,黑三鸦,2023-10-20,80.60,100,8060.00,2023-11-03,83.61,持仓10天到期,301.00,3.73%
000401.SZ,黑三鸦,2023-10-23,7.04,1400,9856.00,2023-11-06,7.10,持仓10天到期,84.00,0.85%
000877.SZ,黑三鸦,2023-10-23,7.14,1400,9996.00,2023-11-06,7.20,持仓10天到期,84.00,0.84%
600208.SH,黑三鸦,2023-10-23,2.35,4200,9870.00,2023-11-06,2.42,持仓10天到期,294.00,2.98%
000895.SZ,黑三鸦,2023-10-24,25.30,300,7590.00,2023-11-07,25.97,持仓10天到期,201.00,2.65%
002001.SZ,黑三鸦,2023-10-24,15.51,600,9306.00,2023-11-07,16.44,持仓10天到期,558.00,6.00%
002065.SZ,黑三鸦,2023-10-25,6.06,1600,9696.00,2023-11-08,6.67,止盈(10.0%),969.60,10.00%
600028.SH,黑三鸦,2023-10-25,5.63,1700,9571.00,2023-11-08,5.31,持仓10天到期,-544.00,-5.68%
601668.SH,黑三鸦,2023-10-25,5.20,1900,9880.00,2023-11-08,5.14,持仓10天到期,-114.00,-1.15%
601577.SH,黑三鸦,2023-10-27,7.76,1200,9312.00,2023-11-08,7.22,止损(7.0%),-651.84,-7.00%
600585.SH,黑三鸦,2023-10-26,24.70,400,9880.00,2023-11-09,23.85,持仓10天到期,-340.00,-3.44%
600845.SH,黑三鸦,2023-10-26,41.91,200,8382.00,2023-11-09,43.80,持仓10天到期,378.00,4.51%
601166.SH,黑三鸦,2023-10-27,15.70,600,9420.00,2023-11-10,14.98,持仓10天到期,-432.00,-4.59%
688588.SH,黑三鸦,2023-11-02,11.19,800,8952.00,2023-11-13,12.31,止盈(10.0%),895.20,10.00%
600438.SH,黑三鸦,2023-11-06,26.46,300,7938.00,2023-11-20,27.20,持仓10天到期,222.00,2.80%
600048.SH,黑三鸦,2023-11-07,11.16,800,8928.00,2023-11-21,10.97,持仓10天到期,-152.00,-1.70%
600547.SH,黑三鸦,2023-11-08,23.12,400,9248.00,2023-11-22,22.74,持仓10天到期,-152.00,-1.64%
688303.SH,黑三鸦,2023-11-22,33.59,200,6718.00,2023-11-29,31.24,止损(7.0%),-470.26,-7.00%
000786.SZ,黑三鸦,2023-11-21,23.68,400,9472.00,2023-12-05,22.61,持仓10天到期,-428.00,-4.52%
601728.SH,黑三鸦,2023-11-21,5.06,1900,9614.00,2023-12-05,5.17,持仓10天到期,209.00,2.17%
601577.SH,黑三鸦,2023-11-22,6.98,1400,9772.00,2023-12-06,6.76,持仓10天到期,-308.00,-3.15%
600941.SH,黑三鸦,2023-11-23,89.31,100,8931.00,2023-12-07,90.95,持仓10天到期,164.00,1.84%
600763.SH,黑三鸦,2023-12-07,77.56,100,7756.00,2023-12-11,72.13,止损(7.0%),-542.92,-7.00%
000001.SZ,黑三鸦,2023-12-01,9.65,1000,9650.00,2023-12-15,9.21,持仓10天到期,-440.00,-4.56%
600036.SH,黑三鸦,2023-12-01,28.72,300,8616.00,2023-12-15,27.23,持仓10天到期,-447.00,-5.19%
601009.SH,黑三鸦,2023-12-01,7.22,1300,9386.00,2023-12-15,7.16,持仓10天到期,-78.00,-0.83%
600522.SH,黑三鸦,2023-12-05,13.16,700,9212.00,2023-12-15,12.24,止损(7.0%),-644.84,-7.00%
600009.SH,黑三鸦,2023-12-11,34.40,200,6880.00,2023-12-19,31.99,止损(7.0%),-481.60,-7.00%
000786.SZ,黑三鸦,2023-12-07,22.58,400,9032.00,2023-12-21,22.95,持仓10天到期,148.00,1.64%
600036.SH,黑三鸦,2023-12-07,27.77,300,8331.00,2023-12-21,27.71,持仓10天到期,-18.00,-0.22%
600233.SH,黑三鸦,2023-12-07,12.29,800,9832.00,2023-12-21,11.92,持仓10天到期,-296.00,-3.01%
600600.SH,黑三鸦,2023-12-07,71.69,100,7169.00,2023-12-21,71.07,持仓10天到期,-62.00,-0.86%
600690.SH,黑三鸦,2023-12-07,20.85,400,8340.00,2023-12-21,20.33,持仓10天到期,-208.00,-2.49%
688303.SH,黑三鸦,2023-12-07,29.37,300,8811.00,2023-12-21,28.10,持仓10天到期,-381.00,-4.32%
000733.SZ,黑三鸦,2023-12-12,59.61,100,5961.00,2023-12-21,55.30,跳空止损(7.0%),-431.00,-7.23%
300408.SZ,黑三鸦,2023-12-08,28.43,300,8529.00,2023-12-22,28.68,持仓10天到期,75.00,0.88%
601668.SH,黑三鸦,2023-12-08,4.77,2000,9540.00,2023-12-22,4.76,持仓10天到期,-20.00,-0.21%
601669.SH,黑三鸦,2023-12-08,4.86,2000,9720.00,2023-12-22,4.78,持仓10天到期,-160.00,-1.65%
601788.SH,黑三鸦,2023-12-08,15.95,600,9570.00,2023-12-22,15.14,持仓10天到期,-486.00,-5.08%
600309.SH,黑三鸦,2023-12-11,75.56,100,7556.00,2023-12-25,77.65,持仓10天到期,209.00,2.77%
600741.SH,黑三鸦,2023-12-11,16.46,600,9876.00,2023-12-25,16.04,持仓10天到期,-252.00,-2.55%
603288.SH,黑三鸦,2023-12-19,34.58,200,6916.00,2023-12-28,38.04,止盈(10.0%),691.60,10.00%
600030.SH,黑三鸦,2023-12-19,20.43,400,8172.00,2024-01-03,20.18,持仓10天到期,-100.00,-1.22%
600104.SH,黑三鸦,2023-12-19,13.46,700,9422.00,2024-01-03,13.50,持仓10天到期,28.00,0.30%
600867.SH,黑三鸦,2023-12-20,10.80,900,9720.00,2024-01-04,10.66,持仓10天到期,-126.00,-1.30%
601319.SH,黑三鸦,2023-12-20,4.76,2100,9996.00,2024-01-04,4.79,持仓10天到期,63.00,0.63%
002271.SZ,黑三鸦,2023-12-29,19.26,500,9630.00,2024-01-05,17.91,止损(7.0%),-674.10,-7.00%
000069.SZ,黑三鸦,2023-12-22,3.09,3200,9888.00,2024-01-08,2.87,止损(7.0%),-692.16,-7.00%
000402.SZ,黑三鸦,2023-12-22,3.68,2700,9936.00,2024-01-08,3.47,持仓10天到期,-567.00,-5.71%
002142.SZ,黑三鸦,2023-12-22,19.92,500,9960.00,2024-01-08,19.03,持仓10天到期,-445.00,-4.47%
600111.SH,黑三鸦,2023-12-22,18.07,500,9035.00,2024-01-08,18.09,持仓10天到期,10.00,0.11%
600176.SH,黑三鸦,2023-12-22,9.65,1000,9650.00,2024-01-08,9.30,持仓10天到期,-350.00,-3.63%
600606.SH,黑三鸦,2023-12-22,2.29,4300,9847.00,2024-01-08,2.22,持仓10天到期,-301.00,-3.06%
000401.SZ,黑三鸦,2023-12-28,6.29,1500,9435.00,2024-01-12,6.20,持仓10天到期,-135.00,-1.43%
000402.SZ,黑三鸦,2023-12-28,3.57,2800,9996.00,2024-01-12,3.54,持仓10天到期,-84.00,-0.84%
000728.SZ,黑三鸦,2023-12-28,6.61,1500,9915.00,2024-01-12,6.55,持仓10天到期,-90.00,-0.91%
600208.SH,黑三鸦,2023-12-28,2.12,4700,9964.00,2024-01-12,2.16,持仓10天到期,188.00,1.89%
600221.SH,黑三鸦,2023-12-28,1.34,7400,9916.00,2024-01-12,1.36,持仓10天到期,148.00,1.49%
600383.SH,黑三鸦,2023-12-28,4.19,2300,9637.00,2024-01-12,4.16,持仓10天到期,-69.00,-0.72%
600996.SH,黑三鸦,2023-12-28,8.80,1100,9680.00,2024-01-12,8.39,持仓10天到期,-451.00,-4.66%
601128.SH,黑三鸦,2023-12-28,6.32,1500,9480.00,2024-01-12,6.70,持仓10天到期,570.00,6.01%
601162.SH,黑三鸦,2023-12-28,3.01,3300,9933.00,2024-01-12,2.97,持仓10天到期,-132.00,-1.33%
601216.SH,黑三鸦,2023-12-28,3.68,2700,9936.00,2024-01-12,3.71,持仓10天到期,81.00,0.82%
601933.SH,黑三鸦,2023-12-28,2.81,3500,9835.00,2024-01-12,2.75,持仓10天到期,-210.00,-2.14%
300003.SZ,黑三鸦,2024-01-10,15.01,600,9006.00,2024-01-18,13.96,止损(7.0%),-630.42,-7.00%
002142.SZ,黑三鸦,2024-01-08,19.36,500,9680.00,2024-01-22,19.50,持仓10天到期,70.00,0.72%
601128.SH,黑三鸦,2024-01-08,6.41,1500,9615.00,2024-01-22,6.61,持仓10天到期,300.00,3.12%
002531.SZ,黑三鸦,2024-01-10,10.46,900,9414.00,2024-01-22,9.73,止损(7.0%),-658.98,-7.00%
600340.SH,黑三鸦,2024-01-10,1.63,6100,9943.00,2024-01-22,1.52,止损(7.0%),-696.01,-7.00%
600658.SH,黑三鸦,2024-01-10,4.32,2300,9936.00,2024-01-22,4.02,止损(7.0%),-695.52,-7.00%
600867.SH,黑三鸦,2024-01-10,10.16,900,9144.00,2024-01-22,9.45,止损(7.0%),-640.08,-7.00%
600352.SH,黑三鸦,2024-01-12,8.10,1200,9720.00,2024-01-22,7.53,止损(7.0%),-680.40,-7.00%
002511.SZ,黑三鸦,2024-01-10,9.27,1000,9270.00,2024-01-23,8.62,止损(7.0%),-648.90,-7.00%
600176.SH,黑三鸦,2024-01-10,9.29,1000,9290.00,2024-01-23,8.64,止损(7.0%),-650.30,-7.00%
000061.SZ,黑三鸦,2024-01-22,6.01,1600,9616.00,2024-01-23,5.59,止损(7.0%),-673.12,-7.00%
002511.SZ,黑三鸦,2024-01-22,9.16,1000,9160.00,2024-01-23,8.52,止损(7.0%),-641.20,-7.00%
600029.SH,黑三鸦,2024-01-10,5.71,1700,9707.00,2024-01-24,5.90,持仓10天到期,323.00,3.33%
600030.SH,黑三鸦,2024-01-10,19.45,500,9725.00,2024-01-24,20.52,持仓10天到期,535.00,5.50%
600276.SH,黑三鸦,2024-01-10,41.20,200,8240.00,2024-01-24,40.52,持仓10天到期,-136.00,-1.65%
601111.SH,黑三鸦,2024-01-10,7.03,1400,9842.00,2024-01-24,7.20,持仓10天到期,238.00,2.42%
601816.SH,黑三鸦,2024-01-10,4.73,2100,9933.00,2024-01-24,4.84,持仓10天到期,231.00,2.33%
601788.SH,黑三鸦,2024-01-12,14.51,600,8706.00,2024-01-24,15.96,止盈(10.0%),870.60,10.00%
600050.SH,黑三鸦,2024-01-12,4.00,2500,10000.00,2024-01-25,4.40,止盈(10.0%),1000.00,10.00%
600848.SH,黑三鸦,2024-01-22,9.36,1000,9360.00,2024-01-25,10.30,止盈(10.0%),936.00,10.00%
002415.SZ,黑三鸦,2024-01-12,30.73,300,9219.00,2024-01-26,31.70,持仓10天到期,291.00,3.16%
300661.SZ,黑三鸦,2024-01-26,65.46,100,6546.00,2024-01-30,60.88,止损(7.0%),-458.22,-7.00%
600309.SH,黑三鸦,2024-01-17,70.06,100,7006.00,2024-01-31,69.69,持仓10天到期,-37.00,-0.53%
600346.SH,黑三鸦,2024-01-17,12.32,800,9856.00,2024-01-31,11.76,持仓10天到期,-448.00,-4.55%
603501.SH,黑三鸦,2024-01-25,89.53,100,8953.00,2024-02-01,83.26,止损(7.0%),-626.71,-7.00%
600166.SH,黑三鸦,2024-01-19,2.51,3900,9789.00,2024-02-02,2.33,止损(7.0%),-685.23,-7.00%
600426.SH,黑三鸦,2024-01-19,24.58,400,9832.00,2024-02-02,24.13,持仓10天到期,-180.00,-1.83%
000625.SZ,黑三鸦,2024-02-02,12.85,700,8995.00,2024-02-05,11.95,止损(7.0%),-629.65,-7.00%
002007.SZ,黑三鸦,2024-02-02,17.90,500,8950.00,2024-02-05,16.65,止损(7.0%),-626.50,-7.00%
002008.SZ,黑三鸦,2024-02-02,16.58,600,9948.00,2024-02-05,15.42,止损(7.0%),-696.36,-7.00%
002120.SZ,黑三鸦,2024-02-02,6.27,1500,9405.00,2024-02-05,5.83,止损(7.0%),-658.35,-7.00%
002531.SZ,黑三鸦,2024-02-02,8.93,1100,9823.00,2024-02-05,8.30,止损(7.0%),-687.61,-7.00%
002602.SZ,黑三鸦,2024-02-02,4.32,2300,9936.00,2024-02-05,4.02,止损(7.0%),-695.52,-7.00%
300003.SZ,黑三鸦,2024-02-02,13.01,700,9107.00,2024-02-05,12.10,止损(7.0%),-637.49,-7.00%
300433.SZ,黑三鸦,2024-02-02,10.82,900,9738.00,2024-02-05,10.06,止损(7.0%),-681.66,-7.00%
600143.SH,黑三鸦,2024-02-02,6.20,1600,9920.00,2024-02-05,5.77,止损(7.0%),-694.40,-7.00%
600196.SH,黑三鸦,2024-02-02,22.32,400,8928.00,2024-02-05,20.76,止损(7.0%),-624.96,-7.00%
600570.SH,黑三鸦,2024-02-02,21.13,400,8452.00,2024-02-05,19.65,止损(7.0%),-591.64,-7.00%
600703.SH,黑三鸦,2024-02-02,11.40,800,9120.00,2024-02-05,10.60,止损(7.0%),-638.40,-7.00%
600745.SH,黑三鸦,2024-02-02,33.27,300,9981.00,2024-02-05,30.94,止损(7.0%),-698.67,-7.00%
600996.SH,黑三鸦,2024-02-02,7.10,1400,9940.00,2024-02-05,6.60,止损(7.0%),-695.80,-7.00%
603799.SH,黑三鸦,2024-02-02,25.00,400,10000.00,2024-02-05,23.25,止损(7.0%),-700.00,-7.00%
300015.SZ,黑三鸦,2024-02-02,13.04,700,9128.00,2024-02-06,14.34,止盈(10.0%),912.80,10.00%
603501.SH,黑三鸦,2024-02-06,79.22,100,7922.00,2024-02-08,87.14,止盈(10.0%),792.20,10.00%
000739.SZ,黑三鸦,2024-02-07,12.68,700,8876.00,2024-02-08,13.95,止盈(10.0%),887.60,10.00%
600256.SH,黑三鸦,2024-02-07,6.56,1500,9840.00,2024-02-20,7.22,止盈(10.0%),984.00,10.00%
002352.SZ,黑三鸦,2024-02-01,35.22,200,7044.00,2024-02-21,38.74,止盈(10.0%),704.40,10.00%
603833.SH,黑三鸦,2024-02-07,61.52,100,6152.00,2024-02-21,67.67,止盈(10.0%),615.20,10.00%
600085.SH,黑三鸦,2024-02-07,43.60,200,8720.00,2024-02-29,44.50,持仓10天到期,180.00,2.06%
600085.SH,黑三鸦,2024-03-28,41.13,200,8226.00,2024-04-15,41.19,持仓10天到期,12.00,0.15%
600030.SH,黑三鸦,2024-04-10,18.89,500,9445.00,2024-04-15,17.50,跳空止损(7.0%),-695.00,-7.36%
688303.SH,黑三鸦,2024-04-10,26.51,300,7953.00,2024-04-23,24.65,止损(7.0%),-556.71,-7.00%
300122.SZ,黑三鸦,2024-04-16,41.20,200,8240.00,2024-04-23,36.99,跳空止损(7.0%),-842.00,-10.22%
002352.SZ,黑三鸦,2024-04-10,34.87,200,6974.00,2024-04-24,35.09,持仓10天到期,44.00,0.63%
600340.SH,黑三鸦,2024-04-16,1.22,8100,9882.00,2024-04-24,1.13,止损(7.0%),-691.74,-7.00%
000656.SZ,黑三鸦,2024-04-18,1.27,7800,9906.00,2024-04-24,1.14,跳空止损(7.0%),-1014.00,-10.24%
000402.SZ,黑三鸦,2024-04-18,2.89,3400,9826.00,2024-04-25,2.69,止损(7.0%),-687.82,-7.00%
600048.SH,黑三鸦,2024-04-12,8.09,1200,9708.00,2024-04-26,8.64,持仓10天到期,660.00,6.80%
000006.SZ,黑三鸦,2024-04-18,3.54,2800,9912.00,2024-04-29,3.89,止盈(10.0%),991.20,10.00%
000503.SZ,黑三鸦,2024-04-18,8.23,1200,9876.00,2024-04-29,9.05,止盈(10.0%),987.60,10.00%
600606.SH,黑三鸦,2024-04-18,1.73,5700,9861.00,2024-04-29,1.90,止盈(10.0%),986.10,10.00%
600658.SH,黑三鸦,2024-04-18,3.48,2800,9744.00,2024-04-29,3.83,止盈(10.0%),974.40,10.00%
601933.SH,黑三鸦,2024-04-18,2.18,4500,9810.00,2024-04-29,2.40,止盈(10.0%),981.00,10.00%
688588.SH,黑三鸦,2024-04-18,8.53,1100,9383.00,2024-04-29,9.38,止盈(10.0%),938.30,10.00%
002821.SZ,黑三鸦,2024-04-16,77.60,100,7760.00,2024-04-30,82.65,持仓10天到期,505.00,6.51%
688981.SH,黑三鸦,2024-04-16,41.00,200,8200.00,2024-04-30,41.91,持仓10天到期,182.00,2.22%
600438.SH,黑三鸦,2024-04-29,21.68,400,8672.00,2024-05-16,22.25,持仓10天到期,228.00,2.63%
688599.SH,黑三鸦,2024-04-29,20.40,400,8160.00,2024-05-16,20.57,持仓10天到期,68.00,0.83%
601006.SH,黑三鸦,2024-05-07,6.94,1400,9716.00,2024-05-21,7.09,持仓10天到期,210.00,2.16%
601966.SH,黑三鸦,2024-06-05,20.66,400,8264.00,2024-06-12,19.21,止损(7.0%),-578.48,-7.00%
000401.SZ,黑三鸦,2024-06-05,4.52,2200,9944.00,2024-06-14,4.20,止损(7.0%),-696.08,-7.00%
600600.SH,黑三鸦,2024-06-03,77.50,100,7750.00,2024-06-18,76.46,持仓10天到期,-104.00,-1.34%
002493.SZ,黑三鸦,2024-06-05,10.01,900,9009.00,2024-06-20,9.62,持仓10天到期,-351.00,-3.90%
002511.SZ,黑三鸦,2024-06-11,7.60,1300,9880.00,2024-06-20,7.07,止损(7.0%),-691.60,-7.00%
300122.SZ,黑三鸦,2024-06-12,30.98,300,9294.00,2024-06-20,28.81,止损(7.0%),-650.58,-7.00%
000776.SZ,黑三鸦,2024-06-12,12.42,800,9936.00,2024-06-26,12.35,持仓10天到期,-56.00,-0.56%
002945.SZ,黑三鸦,2024-06-12,10.49,900,9441.00,2024-06-26,10.30,持仓10天到期,-171.00,-1.81%
601236.SH,黑三鸦,2024-06-12,6.50,1500,9750.00,2024-06-26,6.52,持仓10天到期,30.00,0.31%
002142.SZ,黑三鸦,2024-06-17,22.64,400,9056.00,2024-07-01,22.95,持仓10天到期,124.00,1.37%
601216.SH,黑三鸦,2024-06-17,3.88,2500,9700.00,2024-07-01,3.78,持仓10天到期,-250.00,-2.58%
600732.SH,黑三鸦,2024-06-25,9.68,1000,9680.00,2024-07-01,9.00,止损(7.0%),-677.60,-7.00%
600867.SH,黑三鸦,2024-06-24,8.84,1100,9724.00,2024-07-03,8.22,止损(7.0%),-680.68,-7.00%
688303.SH,黑三鸦,2024-06-27,20.95,400,8380.00,2024-07-04,19.48,止损(7.0%),-586.60,-7.00%
300122.SZ,黑三鸦,2024-06-24,28.54,300,8562.00,2024-07-05,26.54,止损(7.0%),-599.34,-7.00%
601066.SH,黑三鸦,2024-06-27,19.86,500,9930.00,2024-07-05,18.47,止损(7.0%),-695.10,-7.00%
002027.SZ,黑三鸦,2024-06-24,6.07,1600,9712.00,2024-07-08,6.14,持仓10天到期,112.00,1.15%
300142.SZ,黑三鸦,2024-06-24,11.46,800,9168.00,2024-07-08,10.87,持仓10天到期,-472.00,-5.15%
002466.SZ,黑三鸦,2024-06-25,30.00,300,9000.00,2024-07-08,27.90,止损(7.0%),-630.00,-7.00%
601995.SH,黑三鸦,2024-07-03,29.26,300,8778.00,2024-07-08,27.21,止损(7.0%),-614.46,-7.00%
601888.SH,黑三鸦,2024-06-25,64.48,100,6448.00,2024-07-09,63.15,持仓10天到期,-133.00,-2.06%
000709.SZ,黑三鸦,2024-06-26,1.94,5100,9894.00,2024-07-10,1.94,持仓10天到期,0.00,0.00%
600963.SH,黑三鸦,2024-06-26,3.68,2700,9936.00,2024-07-10,3.42,止损(7.0%),-695.52,-7.00%
002531.SZ,黑三鸦,2024-07-08,8.63,1100,9493.00,2024-07-10,8.03,止损(7.0%),-664.51,-7.00%
600867.SH,黑三鸦,2024-07-08,8.29,1200,9948.00,2024-07-11,7.36,跳空止损(7.0%),-1116.00,-11.22%
688036.SH,黑三鸦,2024-07-08,73.93,100,7393.00,2024-07-11,82.00,跳空止盈(10.0%),807.00,10.92%
300274.SZ,黑三鸦,2024-07-08,60.40,100,6040.00,2024-07-16,66.44,止盈(10.0%),604.00,10.00%
002007.SZ,黑三鸦,2024-07-08,15.30,600,9180.00,2024-07-17,16.83,止盈(10.0%),918.00,10.00%
600104.SH,黑三鸦,2024-07-10,13.40,700,9380.00,2024-07-17,14.89,跳空止盈(10.0%),1043.00,11.12%
601238.SH,黑三鸦,2024-07-10,7.34,1300,9542.00,2024-07-17,8.07,止盈(10.0%),954.20,10.00%
000009.SZ,黑三鸦,2024-07-08,8.38,1100,9218.00,2024-07-22,8.23,持仓10天到期,-165.00,-1.79%
000739.SZ,黑三鸦,2024-07-08,13.35,700,9345.00,2024-07-22,14.28,持仓10天到期,651.00,6.97%
000895.SZ,黑三鸦,2024-07-08,23.39,400,9356.00,2024-07-22,24.16,持仓10天到期,308.00,3.29%
000963.SZ,黑三鸦,2024-07-08,27.46,300,8238.00,2024-07-22,29.56,持仓10天到期,630.00,7.65%
002032.SZ,黑三鸦,2024-07-08,47.79,200,9558.00,2024-07-22,49.00,持仓10天到期,242.00,2.53%
002304.SZ,黑三鸦,2024-07-08,78.51,100,7851.00,2024-07-22,82.75,持仓10天到期,424.00,5.40%
300033.SZ,黑三鸦,2024-07-08,94.80,100,9480.00,2024-07-22,99.66,持仓10天到期,486.00,5.13%
300142.SZ,黑三鸦,2024-07-08,11.33,800,9064.00,2024-07-22,11.49,持仓10天到期,128.00,1.41%
600132.SH,黑三鸦,2024-07-08,57.80,100,5780.00,2024-07-22,61.24,持仓10天到期,344.00,5.95%
600030.SH,黑三鸦,2024-07-10,17.81,500,8905.00,2024-07-22,19.99,跳空止盈(10.0%),1090.00,12.24%
002736.SZ,黑三鸦,2024-07-10,8.15,1200,9780.00,2024-07-24,8.12,持仓10天到期,-36.00,-0.37%
600143.SH,黑三鸦,2024-07-10,6.05,1600,9680.00,2024-07-24,5.82,持仓10天到期,-368.00,-3.80%
600170.SH,黑三鸦,2024-07-10,2.11,4700,9917.00,2024-07-24,2.25,持仓10天到期,658.00,6.64%
600233.SH,黑三鸦,2024-07-10,14.59,600,8754.00,2024-07-24,13.92,持仓10天到期,-402.00,-4.59%
600256.SH,黑三鸦,2024-07-10,5.91,1600,9456.00,2024-07-24,5.76,持仓10天到期,-240.00,-2.54%
600887.SH,黑三鸦,2024-07-10,24.81,400,9924.00,2024-07-24,25.05,持仓10天到期,96.00,0.97%
603833.SH,黑三鸦,2024-07-10,46.95,200,9390.00,2024-07-24,44.08,持仓10天到期,-574.00,-6.11%
600188.SH,黑三鸦,2024-07-12,15.09,600,9054.00,2024-07-26,14.90,持仓10天到期,-114.00,-1.26%
600309.SH,黑三鸦,2024-07-12,81.30,100,8130.00,2024-07-26,79.31,持仓10天到期,-199.00,-2.45%
600143.SH,黑三鸦,2024-07-26,5.93,1600,9488.00,2024-07-31,6.52,止盈(10.0%),948.80,10.00%
603833.SH,黑三鸦,2024-07-26,44.62,200,8924.00,2024-08-08,49.08,止盈(10.0%),892.40,10.00%
002493.SZ,黑三鸦,2024-07-26,8.86,1100,9746.00,2024-08-09,9.16,持仓10天到期,330.00,3.39%
600690.SH,黑三鸦,2024-07-26,26.80,300,8040.00,2024-08-09,25.42,持仓10天到期,-414.00,-5.15%
601901.SH,黑三鸦,2024-07-26,7.29,1300,9477.00,2024-08-09,7.31,持仓10天到期,26.00,0.27%
300003.SZ,黑三鸦,2024-08-01,13.12,700,9184.00,2024-08-13,12.20,止损(7.0%),-642.88,-7.00%
000786.SZ,黑三鸦,2024-08-07,24.75,400,9900.00,2024-08-21,24.54,持仓10天到期,-84.00,-0.85%
601808.SH,黑三鸦,2024-08-07,14.36,600,8616.00,2024-08-21,14.29,持仓10天到期,-42.00,-0.49%
600741.SH,黑三鸦,2024-08-16,14.43,600,8658.00,2024-08-21,13.42,止损(7.0%),-606.06,-7.00%
002531.SZ,黑三鸦,2024-08-22,7.31,1300,9503.00,2024-08-27,6.80,止损(7.0%),-665.21,-7.00%
000877.SZ,黑三鸦,2024-08-26,5.30,1800,9540.00,2024-08-27,4.93,止损(7.0%),-667.80,-7.00%
600011.SH,黑三鸦,2024-08-14,7.36,1300,9568.00,2024-08-28,7.04,持仓10天到期,-416.00,-4.35%
300003.SZ,黑三鸦,2024-08-26,10.16,900,9144.00,2024-08-28,9.45,止损(7.0%),-640.08,-7.00%
600887.SH,黑三鸦,2024-08-26,23.18,400,9272.00,2024-08-30,21.56,止损(7.0%),-649.04,-7.00%
600741.SH,黑三鸦,2024-08-26,13.59,700,9513.00,2024-09-02,14.95,止盈(10.0%),951.30,10.00%
601186.SH,黑三鸦,2024-09-02,7.73,1200,9276.00,2024-09-04,7.19,止损(7.0%),-649.32,-7.00%
601390.SH,黑三鸦,2024-09-02,5.70,1700,9690.00,2024-09-04,5.30,止损(7.0%),-678.30,-7.00%
600011.SH,黑三鸦,2024-08-22,7.17,1300,9321.00,2024-09-05,6.67,止损(7.0%),-652.47,-7.00%
000063.SZ,黑三鸦,2024-08-26,24.38,400,9752.00,2024-09-09,23.53,持仓10天到期,-340.00,-3.49%
000983.SZ,黑三鸦,2024-08-26,7.68,1300,9984.00,2024-09-09,7.25,持仓10天到期,-559.00,-5.60%
002008.SZ,黑三鸦,2024-08-26,18.66,500,9330.00,2024-09-09,18.61,持仓10天到期,-25.00,-0.27%
600004.SH,黑三鸦,2024-08-26,8.86,1100,9746.00,2024-09-09,8.86,持仓10天到期,0.00,0.00%
600132.SH,黑三鸦,2024-08-26,53.80,100,5380.00,2024-09-09,52.35,持仓10天到期,-145.00,-2.70%
600585.SH,黑三鸦,2024-08-26,21.56,400,8624.00,2024-09-09,20.42,持仓10天到期,-456.00,-5.29%
600600.SH,黑三鸦,2024-08-26,58.25,100,5825.00,2024-09-09,55.97,持仓10天到期,-228.00,-3.91%
600848.SH,黑三鸦,2024-09-02,8.81,1100,9691.00,2024-09-10,8.19,止损(7.0%),-678.37,-7.00%
000027.SZ,黑三鸦,2024-08-29,5.82,1700,9894.00,2024-09-12,5.46,持仓10天到期,-612.00,-6.19%
600887.SH,黑三鸦,2024-08-30,21.60,400,8640.00,2024-09-13,21.57,持仓10天到期,-12.00,-0.14%
603833.SH,黑三鸦,2024-08-30,41.80,200,8360.00,2024-09-13,40.69,持仓10天到期,-222.00,-2.66%
600170.SH,黑三鸦,2024-09-02,1.99,5000,9950.00,2024-09-18,1.93,持仓10天到期,-300.00,-3.02%
601128.SH,黑三鸦,2024-09-02,6.48,1500,9720.00,2024-09-18,6.03,止损(7.0%),-680.40,-7.00%
601668.SH,黑三鸦,2024-09-06,5.08,1900,9652.00,2024-09-18,4.72,止损(7.0%),-675.64,-7.00%
601186.SH,黑三鸦,2024-09-06,7.14,1400,9996.00,2024-09-24,7.26,持仓10天到期,168.00,1.68%
601390.SH,黑三鸦,2024-09-06,5.30,1800,9540.00,2024-09-24,5.37,持仓10天到期,126.00,1.32%
601838.SH,黑三鸦,2024-09-09,13.43,700,9401.00,2024-09-25,14.53,持仓10天到期,770.00,8.19%
600585.SH,黑三鸦,2024-09-12,20.00,500,10000.00,2024-09-25,22.00,止盈(10.0%),1000.00,10.00%
000709.SZ,黑三鸦,2024-09-13,1.68,5900,9912.00,2024-09-25,1.85,跳空止盈(10.0%),1003.00,10.12%
000338.SZ,黑三鸦,2024-09-19,12.05,800,9640.00,2024-09-25,13.26,止盈(10.0%),964.00,10.00%
002493.SZ,黑三鸦,2024-09-19,8.16,1200,9792.00,2024-09-25,8.98,止盈(10.0%),979.20,10.00%
601888.SH,黑三鸦,2024-09-12,55.20,100,5520.00,2024-09-26,60.72,止盈(10.0%),552.00,10.00%
000733.SZ,黑三鸦,2024-09-20,33.11,300,9933.00,2024-09-26,36.42,止盈(10.0%),993.30,10.00%
002511.SZ,黑三鸦,2024-09-20,6.18,1600,9888.00,2024-09-26,6.80,止盈(10.0%),988.80,10.00%
300003.SZ,黑三鸦,2024-09-20,9.20,1000,9200.00,2024-09-26,10.12,止盈(10.0%),920.00,10.00%
603986.SH,黑三鸦,2024-09-20,65.67,100,6567.00,2024-09-26,72.24,止盈(10.0%),656.70,10.00%
601111.SH,黑三鸦,2024-09-23,6.27,1500,9405.00,2024-09-26,6.90,止盈(10.0%),940.50,10.00%
600795.SH,黑三鸦,2024-09-11,5.00,2000,10000.00,2024-09-27,5.11,持仓10天到期,220.00,2.20%
601006.SH,黑三鸦,2024-09-13,5.95,1600,9520.00,2024-09-27,6.57,跳空止盈(10.0%),992.00,10.42%
688981.SH,黑三鸦,2024-09-19,43.28,200,8656.00,2024-09-27,47.61,止盈(10.0%),865.60,10.00%
600161.SH,黑三鸦,2024-09-20,20.90,400,8360.00,2024-09-27,22.99,止盈(10.0%),836.00,10.00%
600372.SH,黑三鸦,2024-09-20,10.56,900,9504.00,2024-09-27,11.62,止盈(10.0%),950.40,10.00%
600703.SH,黑三鸦,2024-09-20,9.81,1000,9810.00,2024-09-27,10.88,跳空止盈(10.0%),1070.00,10.91%
600233.SH,黑三鸦,2024-11-26,14.45,600,8670.00,2024-12-10,14.58,持仓10天到期,78.00,0.90%
600025.SH,黑三鸦,2024-11-28,9.46,1000,9460.00,2024-12-12,9.67,持仓10天到期,210.00,2.22%
600795.SH,黑三鸦,2024-11-28,4.59,2100,9639.00,2024-12-12,4.72,持仓10天到期,273.00,2.83%
000877.SZ,黑三鸦,2025-01-07,5.38,1800,9684.00,2025-01-09,5.00,止损(7.0%),-677.88,-7.00%
300142.SZ,黑三鸦,2025-01-07,11.69,800,9352.00,2025-01-13,10.87,止损(7.0%),-654.64,-7.00%
600536.SH,黑三鸦,2025-01-07,42.00,200,8400.00,2025-01-14,46.20,止盈(10.0%),840.00,10.00%
600732.SH,黑三鸦,2025-01-07,10.13,900,9117.00,2025-01-15,11.14,止盈(10.0%),911.70,10.00%
300274.SZ,黑三鸦,2025-01-07,71.10,100,7110.00,2025-01-20,78.21,止盈(10.0%),711.00,10.00%
600963.SH,黑三鸦,2025-01-07,4.65,2100,9765.00,2025-01-20,5.12,止盈(10.0%),976.50,10.00%
000039.SZ,黑三鸦,2025-01-07,7.52,1300,9776.00,2025-01-21,7.59,持仓10天到期,91.00,0.93%
000623.SZ,黑三鸦,2025-01-07,16.54,600,9924.00,2025-01-21,16.40,持仓10天到期,-84.00,-0.85%
000661.SZ,黑三鸦,2025-01-07,95.90,100,9590.00,2025-01-21,93.70,持仓10天到期,-220.00,-2.29%
000733.SZ,黑三鸦,2025-01-07,38.74,200,7748.00,2025-01-21,41.72,持仓10天到期,596.00,7.69%
002129.SZ,黑三鸦,2025-01-07,8.45,1100,9295.00,2025-01-21,8.65,持仓10天到期,220.00,2.37%
002466.SZ,黑三鸦,2025-01-07,32.10,300,9630.00,2025-01-21,32.15,持仓10天到期,15.00,0.16%
002511.SZ,黑三鸦,2025-01-07,6.62,1500,9930.00,2025-01-21,6.60,持仓10天到期,-30.00,-0.30%
002555.SZ,黑三鸦,2025-01-07,14.58,600,8748.00,2025-01-21,14.88,持仓10天到期,180.00,2.06%
300450.SZ,黑三鸦,2025-01-07,18.43,500,9215.00,2025-01-21,19.44,持仓10天到期,505.00,5.48%
600030.SH,黑三鸦,2025-01-07,27.10,300,8130.00,2025-01-21,27.42,持仓10天到期,96.00,1.18%
600031.SH,黑三鸦,2025-01-07,15.59,600,9354.00,2025-01-21,16.21,持仓10天到期,372.00,3.98%
600109.SH,黑三鸦,2025-01-07,8.19,1200,9828.00,2025-01-21,8.29,持仓10天到期,120.00,1.22%
600111.SH,黑三鸦,2025-01-07,20.99,400,8396.00,2025-01-21,21.16,持仓10天到期,68.00,0.81%
600276.SH,黑三鸦,2025-01-07,45.05,200,9010.00,2025-01-21,45.13,持仓10天到期,16.00,0.18%
600390.SH,黑三鸦,2025-01-07,6.03,1600,9648.00,2025-01-21,6.03,持仓10天到期,0.00,0.00%
600867.SH,黑三鸦,2025-01-07,7.83,1200,9396.00,2025-01-21,7.77,持仓10天到期,-72.00,-0.77%
601012.SH,黑三鸦,2025-01-07,15.05,600,9030.00,2025-01-21,14.80,持仓10天到期,-150.00,-1.66%
601066.SH,黑三鸦,2025-01-07,24.00,400,9600.00,2025-01-21,24.22,持仓10天到期,88.00,0.92%
601555.SH,黑三鸦,2025-01-07,7.46,1300,9698.00,2025-01-21,7.54,持仓10天到期,104.00,1.07%
601688.SH,黑三鸦,2025-01-07,16.64,600,9984.00,2025-01-21,16.93,持仓10天到期,174.00,1.74%
601868.SH,黑三鸦,2025-01-07,2.20,4500,9900.00,2025-01-21,2.23,持仓10天到期,135.00,1.36%
601878.SH,黑三鸦,2025-01-07,11.44,800,9152.00,2025-01-21,11.44,持仓10天到期,0.00,0.00%
601881.SH,黑三鸦,2025-01-07,13.62,700,9534.00,2025-01-21,13.88,持仓10天到期,182.00,1.91%
601901.SH,黑三鸦,2025-01-07,7.75,1200,9300.00,2025-01-21,7.89,持仓10天到期,168.00,1.81%
601995.SH,黑三鸦,2025-01-07,31.40,300,9420.00,2025-01-21,31.72,持仓10天到期,96.00,1.02%
000061.SZ,黑三鸦,2025-01-14,6.50,1500,9750.00,2025-02-05,6.74,持仓10天到期,360.00,3.69%
000623.SZ,黑三鸦,2025-01-14,15.91,600,9546.00,2025-02-05,16.47,持仓10天到期,336.00,3.52%
601888.SH,黑三鸦,2025-01-14,60.20,100,6020.00,2025-02-05,60.22,持仓10天到期,2.00,0.03%
300347.SZ,黑三鸦,2025-01-27,48.50,200,9700.00,2025-02-10,53.35,止盈(10.0%),970.00,10.00%
600606.SH,黑三鸦,2025-02-07,1.85,5400,9990.00,2025-02-13,2.04,止盈(10.0%),999.00,10.00%
688223.SH,黑三鸦,2025-01-23,6.23,1600,9968.00,2025-02-14,6.35,持仓10天到期,192.00,1.93%
688599.SH,黑三鸦,2025-01-23,17.41,500,8705.00,2025-02-14,17.74,持仓10天到期,165.00,1.90%
000983.SZ,黑三鸦,2025-02-14,7.18,1300,9334.00,2025-02-28,6.92,持仓10天到期,-338.00,-3.62%
601088.SH,黑三鸦,2025-02-21,36.17,200,7234.00,2025-03-07,35.89,持仓10天到期,-56.00,-0.77%
000983.SZ,黑三鸦,2025-02-24,6.95,1400,9730.00,2025-03-10,6.85,持仓10天到期,-140.00,-1.44%
601857.SH,黑三鸦,2025-02-27,7.78,1200,9336.00,2025-03-13,7.82,持仓10天到期,48.00,0.51%
600028.SH,黑三鸦,2025-03-06,5.66,1700,9622.00,2025-03-20,5.86,持仓10天到期,340.00,3.53%
600221.SH,黑三鸦,2025-04-02,1.42,7000,9940.00,2025-04-07,1.32,止损(7.0%),-695.80,-7.00%
601390.SH,黑三鸦,2025-04-02,5.55,1800,9990.00,2025-04-07,5.16,止损(7.0%),-699.30,-7.00%
601688.SH,黑三鸦,2025-04-03,16.25,600,9750.00,2025-04-07,15.11,止损(7.0%),-682.50,-7.00%
601872.SH,黑三鸦,2025-04-09,6.00,1600,9600.00,2025-04-23,5.89,持仓10天到期,-176.00,-1.83%
300408.SZ,黑三鸦,2025-04-10,34.71,200,6942.00,2025-04-24,35.62,持仓10天到期,182.00,2.62%
600745.SH,黑三鸦,2025-04-10,30.20,300,9060.00,2025-04-24,31.83,持仓10天到期,489.00,5.40%
600309.SH,黑三鸦,2025-04-18,54.91,100,5491.00,2025-05-07,55.43,持仓10天到期,52.00,0.95%
300628.SZ,黑三鸦,2025-04-28,33.09,300,9927.00,2025-05-15,34.62,持仓10天到期,459.00,4.62%
000895.SZ,黑三鸦,2025-05-20,24.67,400,9868.00,2025-06-04,24.72,持仓10天到期,20.00,0.20%
600383.SH,黑三鸦,2025-05-27,3.89,2500,9725.00,2025-06-11,3.80,持仓10天到期,-225.00,-2.31%
000895.SZ,黑三鸦,2025-05-29,24.35,400,9740.00,2025-06-13,24.64,持仓10天到期,116.00,1.19%
300408.SZ,黑三鸦,2025-05-29,32.00,300,9600.00,2025-06-13,31.95,持仓10天到期,-15.00,-0.16%
600208.SH,黑三鸦,2025-05-30,2.57,3800,9766.00,2025-06-16,2.66,持仓10天到期,342.00,3.50%
603833.SH,黑三鸦,2025-06-12,57.95,100,5795.00,2025-06-26,56.07,持仓10天到期,-188.00,-3.24%
600585.SH,黑三鸦,2025-06-18,22.24,400,8896.00,2025-07-02,22.13,持仓10天到期,-44.00,-0.49%
603288.SH,黑三鸦,2025-06-18,40.75,200,8150.00,2025-07-02,38.90,持仓10天到期,-370.00,-4.54%
600845.SH,黑三鸦,2025-06-24,22.98,400,9192.00,2025-07-08,23.81,持仓10天到期,332.00,3.61%
601633.SH,黑三鸦,2025-06-24,21.08,400,8432.00,2025-07-08,21.96,持仓10天到期,352.00,4.17%
603288.SH,黑三鸦,2025-06-24,38.60,200,7720.00,2025-07-08,38.88,持仓10天到期,56.00,0.73%
600309.SH,黑三鸦,2025-06-25,53.24,100,5324.00,2025-07-09,54.44,持仓10天到期,120.00,2.25%
601728.SH,黑三鸦,2025-07-30,7.39,1300,9607.00,2025-08-13,7.37,持仓10天到期,-26.00,-0.27%
000738.SZ,黑三鸦,2025-09-08,19.07,500,9535.00,2025-09-19,19.09,回测结束清仓,10.00,0.10%
600862.SH,黑三鸦,2025-09-08,23.56,400,9424.00,2025-09-19,23.17,回测结束清仓,-156.00,-1.66%
600674.SH,黑三鸦,2025-09-18,14.36,600,8616.00,2025-09-19,14.34,回测结束清仓,-12.00,-0.14%
600886.SH,黑三鸦,2025-09-18,13.52,700,9464.00,2025-09-19,13.28,回测结束清仓,-168.00,-1.78%
